email,label
"Bom dia, poderiam informar o status da solicita√ß√£o 4821? Obrigado!",produtivo
"Boa tarde, segue anexo o documento solicitado para continuidade do processo.",produtivo
"Ol√°, gostaria de saber se houve avan√ßo no ticket 21987.",produtivo
"Prezados, o sistema est√° apresentando erro ao tentar gerar relat√≥rio. Podem verificar?",produtivo
"Boa noite, estou com dificuldade para acessar o portal interno. Podem me ajudar?",produtivo
"Ol√° equipe, poderiam enviar novamente a nota fiscal referente ao m√™s de agosto?",produtivo
"Bom dia, preciso atualizar o prazo da minha demanda. H√° previs√£o?",produtivo
"Boa tarde, identifiquei uma diverg√™ncia no saldo exibido. Podem analisar?",produtivo
"Ol√°, envio os dados complementares para finalizar a abertura do chamado.",produtivo
"Prezados, o arquivo enviado anteriormente estava incorreto. Segue vers√£o corrigida.",produtivo
"Boa tarde, preciso solicitar a reabertura do chamado 3912. O problema voltou a ocorrer.",produtivo
"Bom dia, poderiam habilitar meu acesso ao sistema X? Preciso usar hoje.",produtivo
"Ol√° equipe, solicito a troca de senha. Estou sem acesso ao e-mail corporativo.",produtivo
"Prezados, notamos lentid√£o no sistema desde ontem. Alguma instabilidade conhecida?",produtivo
"Boa tarde, preciso confirmar se receberam o contrato assinado.",produtivo
"Bom dia, estou reenviando o comprovante solicitado. No aguardo.",produtivo
"Ol√°, o relat√≥rio veio incompleto. Podem verificar?",produtivo
"Prezados, poderiam enviar a vers√£o atualizada do manual do sistema?",produtivo
"Boa tarde, solicito altera√ß√£o do meu cadastro conforme informa√ß√µes anexas.",produtivo
"Bom dia, estou com d√∫vidas sobre como seguir no processo. Podem orientar?",produtivo
"Prezados, meu acesso ao m√≥dulo financeiro foi negado. Podem liberar?",produtivo
"Boa tarde, o link enviado para assinatura n√£o funciona. Podem reenviar?",produtivo
"Bom dia, o boleto emitido est√° com valor incorreto. Podem verificar?",produtivo
"Prezados, o ticket 5532 pode ser encerrado. O problema foi resolvido.",produtivo
"Ol√° equipe, solicito uma segunda via do documento anexado.",produtivo
"Boa tarde, estou com dificuldades para anexar arquivos no sistema.",produtivo
"Ol√°, poderiam confirmar se o arquivo enviado est√° conforme?",produtivo
"Boa noite, preciso saber se o processo foi encaminhado ao setor respons√°vel.",produtivo
"Prezados, estou enfrentando problemas na autentica√ß√£o de dois fatores.",produtivo
"Bom dia, h√° novidades sobre o caso aberto na √∫ltima semana?",produtivo
"Prezados, envio documentos para atualiza√ß√£o cadastral. Anexo.",produtivo
"Bom dia, segue o formul√°rio preenchido conforme solicitado.",produtivo
"Boa tarde, solicito revis√£o urgente do contrato devido a inconsist√™ncias.",produtivo
"Prezados, necessito da planilha atualizada para continuidade do trabalho.",produtivo
"Bom dia, estou com d√∫vidas sobre o procedimento de reembolso.",produtivo
"Ol√°, ao processar a opera√ß√£o o sistema retorna erro 504.",produtivo
"Prezados, preciso de declara√ß√£o referente aos pagamentos realizados em 2024.",produtivo
"Boa tarde, solicito encaminhamento do meu chamado para a equipe t√©cnica.",produtivo
"Bom dia, n√£o consegui acessar o link enviado. Podem conferir?",produtivo
"Prezados, envio print da tela com o erro apresentado para an√°lise.",produtivo
"Boa tarde, poderiam atualizar o andamento do processo 9182?",produtivo
"Bom dia, faturamento do m√™s est√° divergente. Podem verificar?",produtivo
"Prezados, solicito orienta√ß√£o sobre como proceder neste caso espec√≠fico.",produtivo
"Boa tarde, envio documentos obrigat√≥rios para o fechamento do per√≠odo.",produtivo
"Ol√° equipe, constatamos falha no envio autom√°tico de relat√≥rios.",produtivo
"Bom dia, preciso reativar meu usu√°rio no sistema.",produtivo
"Prezados, solicito libera√ß√£o de acesso ao servidor interno.",produtivo
"Boa tarde, o contrato est√° sem assinatura digital. Podem ajustar?",produtivo
"Bom dia, a atualiza√ß√£o do sistema gerou erro no m√≥dulo financeiro.",produtivo
"Prezados, encaminho solicita√ß√£o formal para troca de equipamento.",produtivo
"Ol√°, o arquivo exportado est√° truncado. Podem verificar o motivo?",produtivo
"Bom dia, solicito urg√™ncia na an√°lise do chamado 7754. Impacto operacional.",produtivo
"Prezados, preciso incluir novo usu√°rio no grupo de permiss√µes. Como procedo?",produtivo
"Boa tarde, o backup agendado n√£o foi executado. Podem investigar?",produtivo
"Ol√°, solicito cancelamento da solicita√ß√£o 8821 por duplicidade.",produtivo
"Bom dia, preciso de autoriza√ß√£o para acessar os logs do sistema.",produtivo
"Prezados, a integra√ß√£o com o sistema Y parou de funcionar hoje pela manh√£.",produtivo
"Boa tarde, solicito remanejamento do chamado para outro t√©cnico respons√°vel.",produtivo
"Ol√° equipe, o certificado digital venceu. Precisamos renovar urgentemente.",produtivo
"Bom dia, h√° possibilidade de agendar manuten√ß√£o para o pr√≥ximo final de semana?",produtivo
"Prezados, n√£o estou recebendo as notifica√ß√µes autom√°ticas do sistema.",produtivo
"Boa tarde, preciso validar se as configura√ß√µes aplicadas est√£o corretas.",produtivo
"Ol√°, solicito extens√£o do prazo de entrega devido a pend√™ncias externas.",produtivo
"Bom dia, o dashboard n√£o est√° carregando os dados atualizados.",produtivo
"Prezados, identificamos inconsist√™ncia nos dados importados. Podem revisar?",produtivo
"Boa tarde, solicito acesso de leitura ao diret√≥rio compartilhado.",produtivo
"Ol√°, preciso exportar o hist√≥rico completo de transa√ß√µes do √∫ltimo trimestre.",produtivo
"Bom dia, h√° previs√£o de conclus√£o para a demanda em aberto?",produtivo
"Prezados, o formul√°rio online est√° retornando erro de valida√ß√£o.",produtivo
"Boa tarde, solicito atualiza√ß√£o da vers√£o do aplicativo mobile.",produtivo
"Ol√° equipe, preciso de orienta√ß√£o sobre pol√≠tica de reten√ß√£o de dados.",produtivo
"Bom dia, a sincroniza√ß√£o entre sistemas n√£o est√° ocorrendo corretamente.",produtivo
"Prezados, solicito remo√ß√£o do meu cadastro conforme LGPD.",produtivo
"Boa tarde, o relat√≥rio gerencial precisa incluir novos campos. √â poss√≠vel?",produtivo
"Ol√°, identifiquei duplicidade de registros na base. Podem corrigir?",produtivo
"Bom dia, preciso resetar minha autentica√ß√£o de dois fatores.",produtivo
"Prezados, solicito migra√ß√£o dos dados para o novo ambiente.",produtivo
"Boa tarde, h√° como agendar uma call t√©cnica para alinhamento?",produtivo
"Ol√°, o token de API expirou. Podem gerar um novo?",produtivo
"Bom dia, preciso de permiss√£o para executar scripts no servidor.",produtivo
"Prezados, solicito detalhamento dos custos apresentados na fatura.",produtivo
"Boa tarde, a funcionalidade de pesquisa avan√ßada n√£o est√° retornando resultados.",produtivo
"Ol√° equipe, preciso confirmar se o deploy foi realizado com sucesso.",produtivo
"Bom dia, solicito rollback da √∫ltima atualiza√ß√£o devido a instabilidades.",produtivo
"Prezados, h√° documenta√ß√£o t√©cnica dispon√≠vel sobre a nova API?",produtivo
"Boa tarde, preciso configurar alertas personalizados no sistema.",produtivo
"Ol√°, o webhook n√£o est√° disparando eventos. Podem verificar?",produtivo
"Bom dia, solicito upgrade do meu plano de acesso.",produtivo
"Prezados, identifiquei vazamento de mem√≥ria no m√≥dulo de processamento.",produtivo
"Boa tarde, preciso de apoio para interpretar os logs de erro.",produtivo
"Ol√° equipe, solicito cria√ß√£o de ambiente de testes isolado.",produtivo
"Bom dia, h√° como recuperar arquivos deletados acidentalmente?",produtivo
"Prezados, o job agendado falhou durante a execu√ß√£o noturna.",produtivo
"Boa tarde, preciso validar as credenciais de acesso ao banco de dados.",produtivo
"Ol√°, solicito auditoria completa das altera√ß√µes realizadas no sistema.",produtivo
"Bom dia, a VPN corporativa n√£o est√° estabelecendo conex√£o.",produtivo
"Prezados, preciso de suporte para configurar o cliente de email.",produtivo
"Boa tarde, h√° limita√ß√£o de tamanho para upload de arquivos?",produtivo
"Ol√° equipe, solicito desbloqueio do meu IP no firewall.",produtivo
"Bom dia, o sistema est√° rejeitando caracteres especiais no cadastro.",produtivo
"Prezados, preciso entender o fluxo de aprova√ß√£o para esta funcionalidade.",produtivo
"Boa tarde, solicito habilita√ß√£o do m√≥dulo de relat√≥rios avan√ßados.",produtivo
"Ol√°, h√° previs√£o para implementa√ß√£o da feature solicitada?",produtivo
"Bom dia, preciso de extrato detalhado das opera√ß√µes realizadas.",produtivo
"Prezados, o sistema de tickets est√° offline. H√° previs√£o de retorno?",produtivo
"Boa tarde, solicito transfer√™ncia de propriedade do projeto.",produtivo
"Ol√° equipe, preciso desativar temporariamente minha conta.",produtivo
"Bom dia, h√° como integrar o sistema com nossa ferramenta de BI?",produtivo
"Prezados, solicito revis√£o das pol√≠ticas de seguran√ßa aplicadas.",produtivo
"Boa tarde, preciso confirmar se o patch de seguran√ßa foi aplicado.",produtivo
"Ol√°, o m√≥dulo de faturamento est√° calculando valores incorretos.",produtivo
"Bom dia, solicito remo√ß√£o de usu√°rio inativo da base.",produtivo
"Prezados, h√° como customizar o layout do dashboard?",produtivo
"Boa tarde, preciso de apoio na configura√ß√£o de regras de neg√≥cio.",produtivo
"Ol√° equipe, solicito acesso aos metadados dos arquivos processados.",produtivo
"Bom dia, a pesquisa por filtros avan√ßados n√£o est√° funcionando.",produtivo
"Prezados, preciso entender o motivo do timeout nas requisi√ß√µes.",produtivo
"Boa tarde, solicito ativa√ß√£o de licen√ßas adicionais para novos usu√°rios.",produtivo
"Ol√°, h√° como configurar notifica√ß√µes via SMS?",produtivo
"Bom dia, preciso validar a integridade dos dados migrados.",produtivo
"Prezados, solicito parecer t√©cnico sobre viabilidade da implementa√ß√£o.",produtivo
"Boa tarde, o sistema n√£o est√° aplicando as regras de valida√ß√£o corretamente.",produtivo
"Ol√° equipe, preciso de orienta√ß√£o sobre boas pr√°ticas de uso.",produtivo
"Bom dia, solicito documenta√ß√£o atualizada dos endpoints dispon√≠veis.",produtivo
"Prezados, h√° como agendar execu√ß√£o recorrente de processos?",produtivo
"Boa tarde, preciso resetar configura√ß√µes para padr√£o de f√°brica.",produtivo
"Ol√°, solicito an√°lise de performance do sistema nas √∫ltimas semanas.",produtivo
"Bom dia, o cache n√£o est√° sendo limpo automaticamente.",produtivo
"Prezados, preciso de suporte para migra√ß√£o de dados legados.",produtivo
"Boa tarde, solicito inclus√£o de novos campos no formul√°rio padr√£o.",produtivo
"Ol√° equipe, h√° como exportar relat√≥rios em formato PDF?",produtivo
"Bom dia, preciso confirmar se a pol√≠tica de backup est√° ativa.",produtivo
"Prezados, solicito reclassifica√ß√£o do chamado para prioridade alta.",produtivo
"Boa tarde, o sistema est√° gerando duplicidade de notifica√ß√µes.",produtivo
"Ol√°, preciso de acesso tempor√°rio para usu√°rio externo.",produtivo
"Bom dia, solicito valida√ß√£o dos dados antes do processamento em lote.",produtivo
"Prezados, h√° como configurar autentica√ß√£o via SSO?",produtivo
"Boa tarde, preciso entender o comportamento da regra de neg√≥cio aplicada.",produtivo
"Ol√° equipe, solicito hist√≥rico de altera√ß√µes do registro 4521.",produtivo
"Bom dia, o sistema n√£o est√° respeitando o timezone configurado.",produtivo
"Prezados, preciso de apoio na interpreta√ß√£o dos c√≥digos de erro.",produtivo
"Boa tarde, solicito desativa√ß√£o de funcionalidade depreciada.",produtivo
"Ol√°, h√° como implementar autentica√ß√£o biom√©trica?",produtivo
"Bom dia, preciso verificar se h√° pend√™ncias no meu cadastro.",produtivo
"Prezados, solicito atualiza√ß√£o dos dados de contato da empresa.",produtivo
"Boa tarde, o sistema est√° bloqueando acesso sem apresentar erro espec√≠fico.",produtivo
"Bom dia! Gostaria apenas de desejar uma excelente semana a todos.",improdutivo
"Ol√° equipe, feliz Natal e √≥timas festas para voc√™s!",improdutivo
"Boa tarde, parab√©ns pelo √≥timo trabalho que v√™m realizando!",improdutivo
"Ol√°, s√≥ passando para agradecer pelo suporte prestado ontem. Muito obrigado!",improdutivo
"Bom dia, obrigado pelo retorno r√°pido. Era s√≥ isso mesmo.",improdutivo
"Prezados, desejo a todos um √≥timo fim de ano!",improdutivo
"Boa tarde, agrade√ßo pela aten√ß√£o de sempre.",improdutivo
"Ol√°, estou somente confirmando o recebimento da mensagem anterior.",improdutivo
"Bom dia, √≥timo trabalho da equipe!",improdutivo
"Ol√°, muito obrigado pela orienta√ß√£o enviada. Resolveu totalmente.",improdutivo
"Boa tarde, apenas refor√ßando meus agradecimentos pelo suporte.",improdutivo
"Prezados, tenham um excelente feriado!",improdutivo
"Ol√°, tudo certo por aqui. Obrigado!",improdutivo
"Bom dia, obrigado pela atualiza√ß√£o. Nada mais necess√°rio.",improdutivo
"Ol√°, desejo uma √≥tima tarde!",improdutivo
"Boa noite, parab√©ns pelo atendimento exemplar.",improdutivo
"Bom dia, agrade√ßo pelo esclarecimento!",improdutivo
"Ol√° equipe, tenham um excelente dia!",improdutivo
"Boa tarde pessoal, obrigado por tudo.",improdutivo
"Ol√°, apenas confirmando que recebi o arquivo corretamente.",improdutivo
"Bom dia, agrade√ßo pelo envio do documento!",improdutivo
"Ol√°, s√≥ queria agradecer pela ajuda prestada hoje cedo.",improdutivo
"Boa tarde, obrigado pelo suporte!",improdutivo
"Prezados, excelente trabalho realizado!",improdutivo
"Ol√°, passando apenas para desejar um √≥timo final de semana.",improdutivo
"Bom dia, mensagem recebida. Obrigado!",improdutivo
"Boa tarde, parab√©ns pelo profissionalismo de sempre.",improdutivo
"Ol√° equipe, meus agradecimentos!",improdutivo
"Bom dia, √≥timo atendimento ontem!",improdutivo
"Ol√°, desejo um excelente m√™s a todos.",improdutivo
"Boa tarde, agrade√ßo pelo r√°pido retorno.",improdutivo
"Prezados, agrade√ßo pela gentileza!",improdutivo
"Ol√°, obrigado pela informa√ß√£o!",improdutivo
"Bom dia, desejo um √≥timo feriado para todos.",improdutivo
"Boa tarde, agrade√ßo pela ajuda.",improdutivo
"Ol√°, mensagem recebida com sucesso. Obrigado!",improdutivo
"Bom dia, apenas confirmando leitura.",improdutivo
"Boa tarde equipe! Obrigado por todo apoio.",improdutivo
"Ol√°, agrade√ßo a aten√ß√£o prestada.",improdutivo
"Bom dia, √≥timo atendimento sempre!",improdutivo
"Boa tarde e obrigado!",improdutivo
"Ol√°, desejo uma excelente noite!",improdutivo
"üî• Promo√ß√£o imperd√≠vel! 80% de desconto em nossos produtos at√© hoje!",improdutivo
"Ol√°! Confira nossa nova linha de eletr√¥nicos com ofertas especiais!",improdutivo
"Parab√©ns! Voc√™ foi selecionado para ganhar um iPhone 15. Clique aqui!",improdutivo
"√öltimas horas para garantir 70% OFF em todo o site!",improdutivo
"Aproveite! Seu nome foi sorteado para receber pr√™mios exclusivos!",improdutivo
"Descubra como ganhar dinheiro trabalhando de casa! Acessem j√°!",improdutivo
"Compre agora e receba frete gr√°tis! V√°lido at√© meia-noite!",improdutivo
"Assine nosso plano premium e aproveite vantagens exclusivas!",improdutivo
"Ol√°! Temos uma oferta incr√≠vel para voc√™. Clique no link abaixo!",improdutivo
"Ganhe 3 meses gr√°tis de assinatura! N√£o perca essa chance!",improdutivo
"Seu CPF foi premiado! Retire seu valor clicando aqui.",improdutivo
"Promo√ß√£o rel√¢mpago! 60% OFF nos melhores cursos!",improdutivo
"An√∫ncio: nova linha de cosm√©ticos chegou! Confira novidades!",improdutivo
"Marketing: atualiza√ß√£o das nossas ofertas semanais!",improdutivo
"Ganhe recompensas respondendo esta pesquisa r√°pida!",improdutivo
"Oferta exclusiva do dia! Apenas para os primeiros clientes.",improdutivo
"Convite: webinar gratuito sobre investimentos! Inscreva-se!",improdutivo
"Aten√ß√£o! √öltimo dia para aproveitar nossos pacotes de viagem!",improdutivo
"Voc√™ est√° perdendo dinheiro! Veja como aumentar seu rendimento!",improdutivo
"Promo√ß√£o especial: leve 2 e pague 1!",improdutivo
"Descontos incr√≠veis no nosso outlet online!",improdutivo
"Ei, n√£o abra m√£o dessa chance √∫nica de aumentar seus ganhos!",improdutivo
"Assine nossa newsletter e receba promo√ß√µes toda semana!",improdutivo
"An√∫ncio: novo aplicativo dispon√≠vel para download!",improdutivo
"Participar de sorteio gr√°tis! Clique e cadastre-se!",improdutivo
"Black Friday antecipada! Descontos absurdos!",improdutivo
"Voc√™ tem pontos acumulados. Resgate antes que expirem!",improdutivo
"√öltimo aviso: sua assinatura poder√° expirar!",improdutivo
"Pr√©-venda exclusiva para cadastrados! Confira!",improdutivo
"Seja Premium e aproveite tudo sem limites!",improdutivo
"An√∫ncio: curso intensivo gratuito! Garanta sua vaga!",improdutivo
"Seu e-mail foi sorteado! Ganhe brindes agora mesmo!",improdutivo
"üöó SUV 0km com taxa zero! Concession√°ria autorizada. Aproveite!",improdutivo
"Novo Onix 2025 com R$ 15.000 de desconto! Apenas esta semana!",improdutivo
"Troque seu seminovo e saia de carro novo hoje mesmo!",improdutivo
"Fiat Argo 0km - Parcelas a partir de R$ 899! Simule agora!",improdutivo
"üî• Feir√£o de carros! At√© 50% de entrada facilitada!",improdutivo
"Hyundai HB20 com seguro gr√°tis no primeiro ano! Clique aqui!",improdutivo
"Jeep Compass 2025 - Condi√ß√µes especiais para servidores p√∫blicos!",improdutivo
"Aproveite! Toyota Corolla com b√¥nus de R$ 10.000 na troca!",improdutivo
"Volkswagen T-Cross 0km sem entrada! Financiamento em 60x!",improdutivo
"Chevrolet Tracker com desconto de 20%! √öltimas unidades!",improdutivo
"Renault Kwid por apenas R$ 699/m√™s! Corra e agende test drive!",improdutivo
"Honda Civic 0km com taxa de 0,99% ao m√™s! Imperd√≠vel!",improdutivo
"Nissan Kicks 2025 - Revis√µes gr√°tis por 3 anos! Confira!",improdutivo
"Ford Ranger XLT com acess√≥rios inclusos! Oferta limitada!",improdutivo
"Peugeot 208 0km - Emplacamento e IPVA 2025 gr√°tis!",improdutivo
"Mitsubishi L200 Triton com desconto corporativo! Consulte!",improdutivo
"Citroen C3 com kit multim√≠dia de brinde! Venha conhecer!",improdutivo
"Volkswagen Polo 0km - Entrada a partir de R$ 5.000!",improdutivo
"BYD Dolphin el√©trico com carregador residencial incluso!",improdutivo
"Fiat Mobi 0km ideal para primeiro carro! Financie f√°cil!",improdutivo
"Caoa Chery Tiggo 7 com 7 anos de garantia! Aproveite!",improdutivo
"Jeep Renegade Sport com condi√ß√µes especiais de Black Friday!",improdutivo
"Chevrolet S10 High Country - Diesel com economia garantida!",improdutivo
"Hyundai Creta 2025 - Test drive e brinde exclusivo!",improdutivo
"Toyota Hilux 0km para produtor rural com taxa zero!",improdutivo
"Volkswagen Nivus com GNV de f√°brica! Economia m√°xima!",improdutivo
"Honda HR-V Touring com teto solar! √öltimas unidades em estoque!",improdutivo
"Renault Duster 4x4 com desconto de lan√ßamento!",improdutivo
"Nissan Versa Exclusive 0km - Luxo e conforto com pre√ßo especial!",improdutivo
"Ford Territory com pacote tecnologia incluso! Agende visita!",improdutivo
"üè† Apartamento 2 quartos, pronto para morar! Entre em contato!",improdutivo
"Casa em condom√≠nio fechado com √°rea de lazer completa! Confira!",improdutivo
"Lan√ßamento imobili√°rio! Desconto de 15% nas primeiras unidades!",improdutivo
"Terreno comercial em localiza√ß√£o privilegiada! Oportunidade √∫nica!",improdutivo
"Cobertura duplex com vista para o mar! Agende sua visita!",improdutivo
"Sala comercial no centro da cidade com entrada facilitada!",improdutivo
"Im√≥vel financiado pela Caixa com subs√≠dio do governo! Consulte!",improdutivo
"Kitnet mobiliada ideal para investimento! Alto retorno garantido!",improdutivo
"üì± iPhone 15 Pro Max com 20% OFF! Parcelamento sem juros!",improdutivo
"Samsung Galaxy S24 Ultra - Pre√ßo exclusivo para voc√™!",improdutivo
"Notebook gamer com RTX 4060! Oferta de lan√ßamento!",improdutivo
"Smart TV 65 polegadas 4K por apenas R$ 2.499! Corre!",improdutivo
"AirPods Pro com cancelamento de ru√≠do! Frete gr√°tis hoje!",improdutivo
"Console PlayStation 5 + 2 jogos! Combo imperd√≠vel!",improdutivo
"Tablet Samsung com caneta S Pen inclusa! Pre√ßo especial!",improdutivo
"Smartwatch Apple Watch Series 9 com desconto de Black Friday!",improdutivo
"Camera Canon EOS R6 profissional! Parcele em at√© 12x sem juros!",improdutivo
"Fone JBL original com 40% de desconto! Aproveite j√°!",improdutivo
"üíº MBA Executivo com certificado reconhecido! Inscri√ß√µes abertas!",improdutivo
"Curso de Python do zero ao avan√ßado por R$ 49,90! Acesso vital√≠cio!",improdutivo
"Treinamento em Power BI com certifica√ß√£o inclusa! Vagas limitadas!",improdutivo
"Aprenda ingl√™s em 6 meses! M√©todo revolucion√°rio comprovado!",improdutivo
"Curso gratuito de Marketing Digital! Garanta sua vaga hoje!",improdutivo
"Forma√ß√£o completa em Data Science! Primeiro m√™s gr√°tis!",improdutivo
"Workshop presencial de investimentos! Confirme sua participa√ß√£o!",improdutivo
"Certifica√ß√£o internacional em gest√£o de projetos! Desconto de 50%!",improdutivo
"üèãÔ∏è Plano anual de academia com 3 meses gr√°tis! Matricule-se!",improdutivo
"Suplementos importados com at√© 60% OFF! Entrega r√°pida!",improdutivo
"Personal trainer online com avalia√ß√£o gratuita! Comece hoje!",improdutivo
"Equipamentos de muscula√ß√£o para casa! Parcelamento facilitado!",improdutivo
"‚úàÔ∏è Pacote completo para Canc√∫n! A√©reo + hotel por R$ 3.999!",improdutivo
"Cruzeiro pelo Caribe com tudo incluso! Reserve com desconto!",improdutivo
"Viagem para Disney com ingressos e transfer inclusos! Confira!",improdutivo
"Resort all inclusive em Porto de Galinhas! Promo√ß√£o rel√¢mpago!",improdutivo
"Passagens a√©reas com at√© 70% de desconto! Pesquise agora!",improdutivo
"üçï Delivery de pizza - 2¬™ pizza pela metade do pre√ßo! Pe√ßa j√°!",improdutivo
"Hamb√∫rguer artesanal + batata + refri por R$ 29,90! Aproveite!",improdutivo
"Restaurante japon√™s - Rod√≠zio completo com 20% OFF! Reserve mesa!",improdutivo
"Churrascaria premium - Almo√ßo executivo com sobremesa gr√°tis!",improdutivo
"üí≥ Cart√£o de cr√©dito sem anuidade! Solicite o seu agora!",improdutivo
"Empr√©stimo pessoal aprovado! Valor liberado em 24 horas!",improdutivo
"Cons√≥rcio de im√≥veis com taxa zero de administra√ß√£o!",improdutivo
"Conta digital gratuita com cashback em todas as compras!",improdutivo
"Investimento em renda fixa com rentabilidade de 150% do CDI!",improdutivo
"üéÆ Jogos digitais com desconto de at√© 80%! Promo√ß√£o Steam!",improdutivo
"Assinatura Xbox Game Pass Ultimate! 3 meses por R$ 9,90!",improdutivo
"Pack de skins exclusivas! Dispon√≠vel apenas por tempo limitado!",improdutivo
"üëó Moda feminina - Cole√ß√£o nova com frete gr√°tis acima de R$ 150!",improdutivo
"Outlet de roupas masculinas! Liquida√ß√£o total do estoque!",improdutivo
"Cal√ßados importados com at√© 50% OFF! Todos os tamanhos dispon√≠veis!",improdutivo
"Bolsas de grife com pre√ßos imperd√≠veis! Confira o cat√°logo!",improdutivo
"Rel√≥gios originais com garantia internacional! Parcele em 10x!",improdutivo
"üêï Ra√ß√£o premium para pets com 25% de desconto! Entrega gr√°tis!",improdutivo
"Plano de sa√∫de para seu pet com car√™ncia reduzida! Contrate!",improdutivo
"Banho e tosa com agendamento online! Primeira vez com desconto!",improdutivo
"üîß Ferramentas profissionais Bosch com pre√ßo de f√°brica!",improdutivo

